,0,1,2,3,4,5,6,7,8,9,10,11,12,13,14,15,16,17,18,19
0,fo,2.0,5.0,2.0,1.0,1.0,10.0,4.0,0.0,-2172.2,0.0951,4.366,,,,,,,,
1,0.2333,1.494e-06,-603.8,-1.8697,6.13e-05,10.0,1250.0,4.0,-0.1875,0.0,,,,,,,,,,
2,fa,2.0,4.0,2.0,1.0,1.0,10.0,4.0,0.0,-1478.15,0.151,4.631,,,,,,,,
3,0.2011,1.733e-05,-1960.6,-0.9009,5.05e-05,10.0,1330.0,4.0,-0.1995,0.0,,,,,,,,,,
4,teph,2.0,6.0,2.0,1.0,1.0,10.0,4.0,0.0,-1732.28,0.1559,4.899,,,,,,,,
5,0.2196,0.0,-1292.7,-1.3083,5.05e-05,10.0,1200.0,4.0,-0.18,0.0,,,,,,,,,,
6,lrn,2.0,7.0,2.0,1.0,1.0,10.0,4.0,0.0,-2307.2,0.1276,5.16,,,,,,,,
7,0.2475,-3.206e-06,0.0,-2.0519,5.05e-05,10.0,1200.0,4.0,-0.18,1.0,1710.0,0.01003,0.05,,,,,,,
8,mont,1.0,7.0,1.0,5.0,1.0,1.0,1.0,10.0,4.0,0.0,-2253.05,0.1081,5.148,,,,,,
9,0.2507,-1.0433e-05,-797.2,-1.9961,5.63e-05,10.0,1120.0,4.0,-0.168,0.0,,,,,,,,,,
10,chum,8.0,5.0,9.0,1.0,4.0,10.0,18.0,11.0,2.0,0.0,-9607.32,0.445,19.785,,,,,,
11,1.07,-1.6533e-05,-7899.6,-7.3739,6.1e-05,10.0,1290.0,4.0,-0.1935,0.0,,,,,,,,,,
12,py,3.0,5.0,3.0,3.0,2.0,1.0,3.0,10.0,12.0,0.0,-6284.72,0.2663,11.318,,,,,,
13,0.6335,0.0,-5196.1,-4.3152,4.36e-05,10.0,1737.0,4.0,-0.26055,0.0,,,,,,,,,,
14,alm,3.0,4.0,3.0,3.0,2.0,1.0,3.0,10.0,12.0,0.0,-5263.52,0.34,11.511,,,,,,
15,0.6773,0.0,-3772.7,-5.044,4.03e-05,10.0,1690.0,4.0,-0.2535,0.0,,,,,,,,,,
16,spss,3.0,6.0,3.0,3.0,2.0,1.0,3.0,10.0,12.0,0.0,-5646.4,0.367,11.792,,,,,,
17,0.5846,-1.593e-06,-7516.7,-2.7501,4.62e-05,10.0,1790.0,4.0,-0.2685,0.0,,,,,,,,,,
18,gr,3.0,7.0,3.0,3.0,2.0,1.0,3.0,10.0,12.0,0.0,-6644.15,0.255,12.535,,,,,,
19,0.626,0.0,-5779.2,-4.0029,3.93e-05,10.0,1680.0,4.0,-0.252,0.0,,,,,,,,,,
20,andr,3.0,7.0,3.0,4.0,2.0,1.0,3.0,10.0,12.0,0.0,-5768.13,0.318,13.204,,,,,,
21,0.6386,0.0,-4955.1,-3.9892,3.93e-05,10.0,1590.0,4.0,-0.2385,0.0,,,,,,,,,,
22,osm1,2.0,9.0,1.0,5.0,2.0,3.0,5.0,1.0,10.0,10.0,30.0,0.0,-14968.19,0.701,37.893,,,,
23,1.6258,-3.5548e-05,-8063.5,-13.4909,7.6e-06,10.0,810.0,4.0,-0.1215,0.0,,,,,,,,,,
24,osm2,3.0,9.0,1.0,5.0,3.0,3.0,3.0,1.0,11.0,10.0,30.0,0.0,-14810.34,0.724,38.44,,,,
25,1.6106,-3.4457e-05,-8262.1,-13.1288,7.6e-06,10.0,810.0,4.0,-0.1215,0.0,,,,,,,,,,
26,fosm,1.0,9.0,1.0,4.0,2.0,3.0,5.0,1.0,10.0,10.0,30.0,0.0,-14248.46,0.762,38.32,,,,
27,1.656,-3.4163e-05,-6497.7,-14.1143,8e-06,10.0,800.0,4.0,-0.12,0.0,,,,,,,,,,
28,vsv,1.0,7.0,19.0,5.0,2.0,3.0,11.0,1.0,18.0,10.0,78.0,11.0,9.0,0.0,-42352.67,1.89,85.2,,
29,4.488,-5.7952e-05,-22269.3,-33.478,5e-05,10.0,1670.0,4.0,-0.2505,0.0,,,,,,,,,,
30,and,1.0,3.0,2.0,1.0,1.0,10.0,5.0,0.0,-2588.8,0.0927,5.153,,,,,,,,
31,0.2773,-6.588e-06,-1914.1,-2.2656,4.11e-05,10.0,1334.0,4.0,-0.2001,0.0,,,,,,,,,,
32,ky,1.0,3.0,2.0,1.0,1.0,10.0,5.0,0.0,-2593.11,0.0835,4.414,,,,,,,,
33,0.2794,-7.124e-06,-2055.6,-2.2894,4.04e-05,10.0,1590.0,4.0,-0.2385,0.0,,,,,,,,,,
34,sill,1.0,3.0,2.0,1.0,1.0,10.0,5.0,0.0,-2585.68,0.0955,4.986,,,,,,,,
35,0.2802,-6.9e-06,-1375.7,-2.3994,2.21e-05,10.0,1320.0,4.0,-0.198,1.0,2200.0,0.004,0.035,,,,,,,
36,tpz,1.0,3.0,2.0,1.0,1.0,10.0,6.0,11.0,2.0,0.0,-2904.98,0.1005,5.339,,,,,,
37,0.3877,-7.12e-06,-857.2,-3.7442,4.04e-05,10.0,1315.0,4.0,-0.19725,0.0,,,,,,,,,,
38,mst,4.0,5.0,4.0,3.0,18.0,1.0,7.5,10.0,48.0,11.0,4.0,0.0,-25101.49,0.91,44.26,,,,
39,2.8205,-5.9366e-05,-13774.0,-24.126,1.2e-05,10.0,1200.0,4.0,-0.18,0.0,,,,,,,,,,
40,fst,4.0,4.0,4.0,3.0,18.0,1.0,7.5,10.0,48.0,11.0,4.0,0.0,-23753.93,1.01,44.88,,,,
41,2.88,-5.6595e-05,-10642.0,-25.373,1.2e-05,10.0,1200.0,4.0,-0.18,0.0,,,,,,,,,,
42,mnst,4.0,6.0,4.0,3.0,18.0,1.0,7.5,10.0,48.0,11.0,4.0,0.0,-24203.88,1.024,45.46,,,,
43,2.8733,-8.9064e-05,-12688.0,-24.749,1.2e-05,10.0,1200.0,4.0,-0.18,0.0,,,,,,,,,,
44,mctd,1.0,5.0,1.0,3.0,2.0,1.0,1.0,10.0,7.0,11.0,2.0,0.0,-3551.42,0.14,6.875,,,,
45,0.4644,-1.2654e-05,-1147.2,-4.341,5.42e-05,10.0,1465.0,4.0,-0.21975,0.0,,,,,,,,,,
46,fctd,1.0,4.0,1.0,3.0,2.0,1.0,1.0,10.0,7.0,11.0,2.0,0.0,-3215.38,0.155,6.98,,,,
47,0.4846,-1.3808e-05,-198.9,-4.7622,5.42e-05,10.0,1465.0,4.0,-0.21975,0.0,,,,,,,,,,
48,mnctd,1.0,6.0,1.0,3.0,2.0,1.0,1.0,10.0,7.0,11.0,2.0,0.0,-3329.28,0.166,7.175,,,,
49,0.4644,-1.2654e-05,-1147.2,-4.341,5.42e-05,10.0,1465.0,4.0,-0.21975,0.0,,,,,,,,,,
50,merw,1.0,7.0,3.0,5.0,1.0,1.0,2.0,10.0,8.0,0.0,-4546.42,0.2531,9.847,,,,,,
51,0.4175,8.117e-06,-2923.0,-2.3203,6.15e-05,10.0,1200.0,4.0,-0.18,0.0,,,,,,,,,,
52,spu,5.0,7.0,5.0,1.0,2.0,12.0,1.0,10.0,11.0,0.0,-5849.52,0.33,14.697,,,,,,
53,0.6141,-3.508e-06,-2493.1,-4.168,6.5e-05,10.0,950.0,4.0,-0.1425,0.0,,,,,,,,,,
54,zo,1.0,7.0,2.0,3.0,3.0,1.0,3.0,10.0,13.0,11.0,1.0,0.0,-6898.61,0.297,13.575,,,,
55,0.5957,6.2297e-05,-5921.3,-3.3947,6.7e-05,10.0,1120.0,4.0,-0.168,0.0,,,,,,,,,,
56,cz,1.0,7.0,2.0,3.0,3.0,1.0,3.0,10.0,13.0,11.0,1.0,0.0,-6898.15,0.301,13.63,,,,
57,0.567,1.8063e-05,-7034.0,-2.603,4.6e-05,10.0,1120.0,4.0,-0.168,0.0,,,,,,,,,,
58,fep,2.0,7.0,2.0,3.0,1.0,4.0,2.0,1.0,3.0,10.0,13.0,11.0,1.0,0.0,-6002.18,0.357,14.19,,
59,0.5201,3.1499e-05,-15426.0,0.2188,5.05e-05,10.0,1294.0,4.0,-0.19928,0.0,,,,,,,,,,
60,ep,2.0,7.0,2.0,3.0,2.0,4.0,1.0,1.0,3.0,10.0,13.0,11.0,1.0,0.0,-6463.21,0.328,13.91,,
61,0.5446,2.4781e-05,-11230.0,-1.1921,5.05e-05,10.0,1233.0,4.0,-0.18495,0.0,,,,,,,,,,
62,law,1.0,7.0,1.0,3.0,2.0,1.0,2.0,10.0,10.0,11.0,4.0,0.0,-4869.14,0.23,10.132,,,,
63,0.6878,1.566e-06,375.9,-7.1792,5.82e-05,10.0,1014.0,4.0,-0.1521,0.0,,,,,,,,,,
64,pump,4.0,7.0,4.0,3.0,5.0,5.0,1.0,1.0,6.0,10.0,28.0,11.0,7.0,0.0,-14389.5,0.629,29.55,,
65,1.7208,-2.4928e-05,-5998.7,-14.6203,5e-05,10.0,1615.0,4.0,-0.24225,0.0,,,,,,,,,,
66,geh,1.0,7.0,2.0,3.0,2.0,1.0,1.0,10.0,7.0,0.0,-3986.88,0.202,9.024,,,,,,
67,0.4057,-7.099e-06,-1188.3,-3.1744,4.17e-05,10.0,1080.0,4.0,-0.162,1.0,700.0,0.011,0.097,,,,,,,
68,ak,1.0,7.0,2.0,5.0,1.0,1.0,2.0,10.0,7.0,0.0,-3866.36,0.2125,9.254,,,,,,
69,0.3854,3.209e-06,-247.5,-2.8899,5.08e-05,10.0,1420.0,4.0,-0.213,0.0,,,,,,,,,,
70,rnk,3.0,7.0,3.0,1.0,2.0,10.0,7.0,0.0,-3944.43,0.21,9.651,,,,,,,,
71,0.3723,-2.893e-06,-2462.4,-2.1813,6.5e-05,10.0,950.0,4.0,-0.1425,0.0,,,,,,,,,,
72,ty,5.0,7.0,5.0,1.0,2.0,12.0,2.0,10.0,13.0,0.0,-6368.16,0.39,17.039,,,,,,
73,0.7417,-5.345e-06,-1434.6,-5.8785,6.5e-05,10.0,950.0,4.0,-0.1425,0.0,,,,,,,,,,
74,crd,1.0,5.0,2.0,3.0,4.0,1.0,5.0,10.0,18.0,0.0,-9163.37,0.4075,23.322,,,,,,
75,0.8213,4.3339e-05,-8211.2,-5.0,7.6e-06,10.0,810.0,4.0,-0.1215,1.0,1800.0,0.02,0.2,,,,,,,
76,hcrd,1.0,5.0,2.0,3.0,4.0,1.0,5.0,10.0,19.0,11.0,2.0,0.0,-9446.98,0.4873,23.322,,,,
77,0.8697,5.1995e-05,-7723.7,-5.2512,7.6e-06,10.0,810.0,4.0,-0.1215,1.0,1800.0,0.02,0.2,,,,,,,
78,fcrd,2.0,4.0,2.0,3.0,4.0,1.0,5.0,10.0,18.0,0.0,-8436.07,0.475,23.71,,,,,,
79,0.8515,4.4724e-05,-6645.0,-5.6234,7.6e-06,10.0,810.0,4.0,-0.1215,1.0,1800.0,0.02,0.2,,,,,,,
80,mncrd,1.0,6.0,2.0,3.0,4.0,1.0,5.0,10.0,18.0,0.0,-8681.18,0.475,24.027,,,,,,
81,0.8477,2.849e-05,-7668.2,-5.3114,7.6e-06,10.0,810.0,4.0,-0.1215,1.0,1800.0,0.02,0.2,,,,,,,
82,phA,7.0,5.0,7.0,1.0,2.0,10.0,14.0,11.0,6.0,0.0,-7130.41,0.35,15.442,,,,,,
83,0.964,-1.1521e-05,-4517.8,-7.7247,8.26e-05,10.0,1450.0,4.0,-0.2175,0.0,,,,,,,,,,
84,sph,1.0,7.0,1.0,2.0,1.0,1.0,1.0,10.0,5.0,0.0,-2595.55,0.1312,5.565,,,,,,
85,0.2337,4.043e-06,-2306.5,-1.2076,4.2e-05,10.0,1100.0,4.0,-0.165,0.0,,,,,,,,,,
86,zrc,2.0,16.0,1.0,1.0,1.0,10.0,4.0,0.0,-2032.77,0.08403,3.926,,,,,,,,
87,0.237,-1.788e-05,-149.6,-2.2678,2.22e-05,10.0,1160.0,4.0,-0.174,0.0,,,,,,,,,,
88,en,1.0,5.0,2.0,1.0,2.0,10.0,6.0,0.0,-3090.47,0.1325,6.262,,,,,,,,
89,0.3562,-2.99e-06,-596.9,-3.1853,5.05e-05,10.0,1070.0,4.0,-0.1605,0.0,,,,,,,,,,
90,fs,2.0,4.0,2.0,1.0,2.0,10.0,6.0,0.0,-2388.63,0.1906,6.592,,,,,,,,
91,0.3987,-6.579e-06,1290.1,-4.058,6.32e-05,10.0,1010.0,4.0,-0.1515,0.0,,,,,,,,,,
92,mgts,1.0,5.0,1.0,3.0,2.0,1.0,1.0,10.0,6.0,0.0,-3189.32,0.131,5.9,,,,,,
93,0.3714,-4.082e-06,-398.4,-3.5471,5.08e-05,10.0,1144.0,4.0,-0.1716,0.0,,,,,,,,,,
94,di,1.0,7.0,1.0,5.0,1.0,1.0,2.0,10.0,6.0,0.0,-3202.76,0.1427,6.619,,,,,,
95,0.3145,4.1e-08,-2745.9,-2.0201,5.7e-05,10.0,1223.0,4.0,-0.18345,0.0,,,,,,,,,,
96,hed,2.0,7.0,1.0,4.0,1.0,1.0,2.0,10.0,6.0,0.0,-2844.16,0.1742,6.795,,,,,,
97,0.3402,8.12e-07,-1047.8,-2.6467,5.7e-05,10.0,1200.0,4.0,-0.18,0.0,,,,,,,,,,
98,jd,1.0,8.0,1.0,3.0,1.0,1.0,2.0,10.0,6.0,0.0,-3027.85,0.1335,6.04,,,,,,
99,0.3011,1.0143e-05,-2239.3,-2.0551,4.66e-05,10.0,1284.0,4.0,-0.1926,0.0,,,,,,,,,,
100,acm,1.0,8.0,1.0,4.0,1.0,1.0,2.0,10.0,6.0,0.0,-2586.65,0.1706,6.459,,,,,,
101,0.3071,1.6758e-05,-1685.5,-2.1258,4.66e-05,10.0,1060.0,4.0,-0.159,0.0,,,,,,,,,,
102,cats,1.0,7.0,1.0,3.0,2.0,1.0,1.0,10.0,6.0,0.0,-3307.03,0.138,6.356,,,,,,
103,0.3476,-6.974e-06,-1781.6,-2.7575,4.43e-05,10.0,1140.0,4.0,-0.171,0.0,,,,,,,,,,
104,rhod,1.0,6.0,1.0,1.0,1.0,10.0,3.0,0.0,-1321.75,0.1005,3.494,,,,,,,,
105,0.1384,4.088e-06,-1936.0,-0.5389,5.08e-05,10.0,1250.0,4.0,-0.1875,0.0,,,,,,,,,,
106,pxmn,1.0,6.0,1.0,1.0,1.0,10.0,3.0,0.0,-1322.53,0.0993,3.472,,,,,,,,
107,0.1384,4.088e-06,-1936.0,-0.5389,5.08e-05,10.0,1250.0,4.0,-0.1875,0.0,,,,,,,,,,
108,wo,1.0,7.0,1.0,1.0,1.0,10.0,3.0,0.0,-1634.06,0.0825,3.993,,,,,,,,
109,0.1593,0.0,-967.3,-1.0754,4.6e-05,10.0,795.0,4.0,-0.11925,0.0,,,,,,,,,,
110,pswo,1.0,7.0,1.0,1.0,1.0,10.0,3.0,0.0,-1627.69,0.0882,4.008,,,,,,,,
111,0.1578,0.0,-967.3,-1.0754,5.39e-05,10.0,1050.0,4.0,-0.1575,0.0,,,,,,,,,,
112,tr,2.0,7.0,2.0,5.0,5.0,1.0,8.0,10.0,24.0,11.0,2.0,0.0,-12310.38,0.55,27.27,,,,
113,1.2602,3.83e-06,-11455.0,-8.2376,5.34e-05,10.0,762.0,4.0,-0.1143,0.0,,,,,,,,,,
114,fact,5.0,7.0,2.0,4.0,5.0,1.0,8.0,10.0,24.0,11.0,2.0,0.0,-10511.24,0.705,28.28,,,,
115,1.29,2.9991e-05,-8447.5,-8.947,5.34e-05,10.0,760.0,4.0,-0.114,0.0,,,,,,,,,,
116,ts,2.0,7.0,2.0,5.0,3.0,3.0,4.0,1.0,6.0,10.0,24.0,11.0,2.0,0.0,-12541.2,0.545,26.8,,
117,1.2448,2.4348e-05,-11965.0,-8.1121,5.34e-05,10.0,760.0,4.0,-0.114,0.0,,,,,,,,,,
118,parg,4.0,8.0,1.0,7.0,2.0,5.0,4.0,3.0,3.0,1.0,6.0,10.0,24.0,11.0,2.0,0.0,-12720.65,0.601,27.19
119,1.2802,2.2997e-05,-12359.5,-8.0658,5.34e-05,10.0,912.0,4.0,-0.1368,0.0,,,,,,,,,,
120,gl,2.0,8.0,2.0,5.0,3.0,3.0,2.0,1.0,8.0,10.0,24.0,11.0,2.0,0.0,-11969.47,0.535,26.05,,
121,1.7175,-0.00012107,7075.0,-19.272,5.3e-05,10.0,883.0,4.0,-0.13245,0.0,,,,,,,,,,
122,fgl,3.0,8.0,2.0,3.0,2.0,4.0,3.0,1.0,8.0,10.0,24.0,11.0,2.0,0.0,-10889.74,0.624,26.59,,
123,1.7629,-0.000118992,9423.7,-20.2071,5.3e-05,10.0,890.0,4.0,-0.1335,0.0,,,,,,,,,,
124,rieb,2.0,8.0,2.0,4.0,5.0,1.0,8.0,10.0,24.0,11.0,2.0,0.0,-10035.24,0.691,27.49,,,,
125,1.7469,-0.000113572,9370.3,-19.4687,5.3e-05,10.0,890.0,4.0,-0.1335,0.0,,,,,,,,,,
126,anth,2.0,5.0,7.0,1.0,8.0,10.0,24.0,11.0,2.0,0.0,-12069.2,0.536,26.54,,,,,,
127,1.2773,2.5825e-05,-9704.6,-9.0747,5e-05,10.0,700.0,4.0,-0.105,0.0,,,,,,,,,,
128,fanth,7.0,4.0,7.0,1.0,8.0,10.0,24.0,11.0,2.0,0.0,-9627.23,0.725,27.87,,,,,,
129,1.3831,3.0669e-05,-4224.7,-11.2576,5e-05,10.0,700.0,4.0,-0.105,0.0,,,,,,,,,,
130,cumm,2.0,5.0,7.0,1.0,8.0,10.0,24.0,11.0,2.0,0.0,-12057.48,0.54,26.33,,,,,,
131,1.2773,2.5825e-05,-9704.6,-9.0747,5e-05,10.0,700.0,4.0,-0.105,0.0,,,,,,,,,,
132,grun,7.0,4.0,7.0,1.0,8.0,10.0,24.0,11.0,2.0,0.0,-9613.2,0.73,27.84,,,,,,
133,1.3831,3.0669e-05,-4224.7,-11.2576,5e-05,10.0,648.0,4.0,-0.0972,0.0,,,,,,,,,,
134,ged,5.0,5.0,5.0,3.0,4.0,1.0,6.0,10.0,24.0,11.0,2.0,0.0,-12319.43,0.515,25.8,,,,
135,1.3077,2.3642e-05,-9307.4,-9.799,4.8e-05,10.0,770.0,4.0,-0.1155,0.0,,,,,,,,,,
136,spr4,4.0,5.0,4.0,3.0,8.0,1.0,2.0,10.0,20.0,0.0,-11019.62,0.443,19.905,,,,,,
137,1.1603,-2.4324e-05,-7706.6,-8.9742,4.9e-05,10.0,1200.0,4.0,-0.18,0.0,,,,,,,,,,
138,spr7,4.0,5.0,3.5,3.0,9.0,1.0,1.5,10.0,20.0,0.0,-11065.63,0.448,19.775,,,,,,
139,1.1679,-2.487e-05,-7607.3,-9.1553,4.9e-05,10.0,1200.0,4.0,-0.18,0.0,,,,,,,,,,
140,fspr,4.0,4.0,3.5,3.0,9.0,1.0,1.5,10.0,20.0,0.0,-9835.51,0.551,20.391,,,,,,
141,1.2578,-2.2171e-05,-1664.0,-11.3484,4.9e-05,10.0,1200.0,4.0,-0.18,0.0,,,,,,,,,,
142,mcar,1.0,5.0,1.0,3.0,2.0,1.0,2.0,10.0,10.0,11.0,4.0,0.0,-4781.24,0.21,10.59,,,,
143,0.6678,-1.2559e-05,-1167.1,-6.44,5e-05,10.0,525.0,4.0,-0.07875,0.0,,,,,,,,,,
144,fcar,1.0,4.0,1.0,3.0,2.0,1.0,2.0,10.0,10.0,11.0,4.0,0.0,-4413.2,0.255,10.69,,,,
145,0.6748,-1.0092e-05,-715.8,-6.5545,5e-05,10.0,525.0,4.0,-0.07875,0.0,,,,,,,,,,
146,deer,12.0,4.0,18.0,1.0,12.0,10.0,50.0,11.0,10.0,0.0,-18347.65,1.65,55.74,,,,,,
147,3.1644,-2.7883e-05,-5039.1,-26.721,5e-05,10.0,630.0,4.0,-0.0945,0.0,,,,,,,,,,
148,mu,2.0,9.0,1.0,3.0,3.0,1.0,3.0,10.0,12.0,11.0,2.0,0.0,-5984.18,0.292,14.083,,,,
149,0.7564,-1.984e-05,-2170.0,-6.9792,5.96e-05,10.0,490.0,4.0,-0.0735,0.0,,,,,,,,,,
150,cel,1.0,9.0,1.0,5.0,1.0,3.0,1.0,1.0,4.0,10.0,12.0,11.0,2.0,0.0,-5842.42,0.29,13.957,,
151,0.7412,-1.8748e-05,-2368.8,-6.6169,5.96e-05,10.0,700.0,4.0,-0.105,0.0,,,,,,,,,,
152,fcel,1.0,9.0,1.0,4.0,1.0,3.0,1.0,1.0,4.0,10.0,12.0,11.0,2.0,0.0,-5477.43,0.329,14.07,,
153,0.7563,-1.9147e-05,-1586.1,-6.9287,5.96e-05,10.0,700.0,4.0,-0.105,0.0,,,,,,,,,,
154,pa,1.0,8.0,1.0,3.0,3.0,1.0,3.0,10.0,12.0,11.0,2.0,0.0,-5946.34,0.276,13.211,,,,
155,0.803,-3.158e-05,217.0,-8.151,7.74e-05,10.0,550.0,4.0,-0.0825,0.0,,,,,,,,,,
156,ma,1.0,7.0,1.0,3.0,4.0,1.0,2.0,10.0,12.0,11.0,2.0,0.0,-6241.23,0.267,12.964,,,,
157,0.7444,-1.68e-05,-2074.4,-6.7832,4.87e-05,10.0,1300.0,4.0,-0.195,0.0,,,,,,,,,,
158,phl,2.0,9.0,1.0,5.0,3.0,3.0,1.0,1.0,3.0,10.0,12.0,11.0,2.0,0.0,-6219.16,0.328,14.964,,
159,0.7703,-3.6939e-05,-2328.9,-6.5316,5.79e-05,10.0,513.0,4.0,-0.07695,0.0,,,,,,,,,,
160,ann,3.0,9.0,1.0,4.0,3.0,3.0,1.0,1.0,3.0,10.0,12.0,11.0,2.0,0.0,-5151.67,0.418,15.432,,
161,0.8157,-3.4861e-05,19.8,-7.4667,5.79e-05,10.0,513.0,4.0,-0.07695,0.0,,,,,,,,,,
162,mnbi,2.0,9.0,1.0,6.0,3.0,3.0,1.0,1.0,3.0,10.0,12.0,11.0,2.0,0.0,-5462.84,0.433,15.264,,
163,0.8099,-5.9213e-05,-1514.4,-6.9987,5.79e-05,10.0,513.0,4.0,-0.07695,0.0,,,,,,,,,,
164,east,2.0,9.0,1.0,5.0,2.0,3.0,3.0,1.0,2.0,10.0,12.0,11.0,2.0,0.0,-6338.17,0.318,14.738,,
165,0.7855,-3.8031e-05,-2130.3,-6.8937,5.79e-05,10.0,513.0,4.0,-0.07695,0.0,,,,,,,,,,
166,naph,1.0,8.0,1.0,5.0,3.0,3.0,1.0,1.0,3.0,10.0,12.0,11.0,2.0,0.0,-6172.82,0.318,14.45,,
167,0.7735,-4.0229e-05,-2597.9,-6.5126,5.79e-05,10.0,513.0,4.0,-0.07695,0.0,,,,,,,,,,
168,clin,2.0,5.0,5.0,3.0,2.0,1.0,3.0,10.0,18.0,11.0,8.0,0.0,-8912.41,0.4305,21.09,,,,
169,1.1618,1.0133e-05,-7657.3,-9.6909,3.98e-05,10.0,870.0,4.0,-0.1305,0.0,,,,,,,,,,
170,ames,2.0,5.0,4.0,3.0,4.0,1.0,2.0,10.0,18.0,11.0,8.0,0.0,-9034.44,0.41,20.52,,,,
171,1.177,9.041e-06,-7458.7,-10.053,3.98e-05,10.0,870.0,4.0,-0.1305,0.0,,,,,,,,,,
172,afchl,2.0,5.0,6.0,1.0,4.0,10.0,18.0,11.0,8.0,0.0,-8727.38,0.428,21.66,,,,,,
173,1.1466,1.1225e-05,-7855.9,-9.3288,3.98e-05,10.0,870.0,4.0,-0.1305,0.0,,,,,,,,,,
174,daph,3.0,4.0,5.0,3.0,2.0,1.0,3.0,10.0,18.0,11.0,8.0,0.0,-7134.85,0.565,21.34,,,,
175,1.2374,1.3594e-05,-3743.0,-11.25,3.98e-05,10.0,870.0,4.0,-0.1305,0.0,,,,,,,,,,
176,mnchl,2.0,6.0,5.0,3.0,2.0,1.0,3.0,10.0,18.0,11.0,8.0,0.0,-7666.53,0.595,22.59,,,,
177,1.2278,-2.699e-05,-6299.8,-10.4694,3.98e-05,10.0,870.0,4.0,-0.1305,0.0,,,,,,,,,,
178,sud,2.0,5.0,2.0,3.0,4.0,1.0,3.0,10.0,18.0,11.0,8.0,0.0,-8626.16,0.404,20.3,,,,
179,1.4361,-4.8749e-05,-2748.5,-13.764,3.98e-05,10.0,870.0,4.0,-0.1305,0.0,,,,,,,,,,
180,fsud,2.0,4.0,2.0,3.0,4.0,1.0,3.0,10.0,18.0,11.0,8.0,0.0,-7903.9,0.462,20.4,,,,
181,1.4663,-4.7365e-05,-1182.8,-14.388,3.98e-05,10.0,870.0,4.0,-0.1305,0.0,,,,,,,,,,
182,prl,2.0,3.0,2.0,1.0,4.0,10.0,12.0,11.0,2.0,0.0,-5640.64,0.2394,12.81,,,,,,
183,0.7845,-4.2948e-05,1251.0,-8.4959,7.5e-05,10.0,525.0,4.0,-0.07875,0.0,,,,,,,,,,
184,ta,2.0,5.0,3.0,1.0,4.0,10.0,12.0,11.0,2.0,0.0,-5897.1,0.26,13.625,,,,,,
185,0.6222,0.0,-6385.5,-3.9163,3.7e-05,10.0,480.0,4.0,-0.072,0.0,,,,,,,,,,
186,fta,2.0,4.0,3.0,1.0,4.0,10.0,12.0,11.0,2.0,0.0,-4802.92,0.352,14.225,,,,,,
187,0.5797,3.9494e-05,-6459.3,-3.0881,3.7e-05,10.0,480.0,4.0,-0.072,0.0,,,,,,,,,,
188,tats,2.0,5.0,2.0,3.0,2.0,1.0,3.0,10.0,12.0,11.0,2.0,0.0,-5987.99,0.259,13.51,,,,
189,0.5495,3.6324e-05,-8606.6,-2.5153,3.7e-05,10.0,480.0,4.0,-0.072,0.0,,,,,,,,,,
190,kao,2.0,3.0,2.0,1.0,2.0,10.0,9.0,11.0,4.0,0.0,-4122.18,0.2037,9.934,,,,,,
191,0.4367,-3.4295e-05,-4055.9,-2.6991,5.1e-05,10.0,645.0,4.0,-0.09675,0.0,,,,,,,,,,
192,pre,1.0,7.0,2.0,3.0,2.0,1.0,3.0,10.0,12.0,11.0,2.0,0.0,-6203.18,0.2928,14.026,,,,
193,0.7249,-1.3865e-05,-2059.0,-6.3239,5.1e-05,10.0,835.0,4.0,-0.12525,0.0,,,,,,,,,,
194,chr,3.0,5.0,3.0,1.0,2.0,10.0,9.0,11.0,4.0,0.0,-4359.03,0.2213,10.746,,,,,,
195,0.6247,-2.077e-05,-1721.8,-5.6194,4.7e-05,10.0,525.0,4.0,-0.07875,0.0,,,,,,,,,,
196,atg,48.0,5.0,48.0,1.0,34.0,10.0,147.0,11.0,62.0,0.0,-71424.31,3.591,175.48,,,,,,
197,9.621,-9.1183e-05,-35941.6,-83.0342,4.7e-05,10.0,525.0,4.0,-0.07875,0.0,,,,,,,,,,
198,ab,1.0,8.0,1.0,3.0,1.0,1.0,3.0,10.0,8.0,0.0,-3934.56,0.2101,10.006,,,,,,
199,0.452,-1.3364e-05,-1275.9,-3.9536,4.56e-05,10.0,593.0,4.0,-0.08895,1.0,950.0,0.016,0.124,,,,,,,
200,abh,1.0,8.0,1.0,3.0,1.0,1.0,3.0,10.0,8.0,0.0,-3924.8,0.2234,10.109,,,,,,
201,0.452,-1.3364e-05,-1275.9,-3.9536,4.56e-05,10.0,593.0,4.0,-0.08895,0.0,,,,,,,,,,
202,mic,1.0,9.0,1.0,3.0,1.0,1.0,3.0,10.0,8.0,0.0,-3975.11,0.216,10.892,,,,,,
203,0.4488,-1.0075e-05,-1007.3,-3.9731,3.35e-05,10.0,574.0,4.0,-0.0861,0.0,,,,,,,,,,
204,san,1.0,9.0,1.0,3.0,1.0,1.0,3.0,10.0,8.0,0.0,-3964.96,0.23,10.9,,,,,,
205,0.4488,-1.0075e-05,-1007.3,-3.9731,3.35e-05,10.0,574.0,4.0,-0.0861,0.0,,,,,,,,,,
206,an,1.0,7.0,1.0,3.0,2.0,1.0,2.0,10.0,8.0,0.0,-4233.48,0.2,10.079,,,,,,
207,0.3716,1.2615e-05,-4110.2,-2.0384,2.38e-05,10.0,919.0,4.0,-0.13785,1.0,2300.0,0.011,0.05,,,,,,,
208,q,1.0,1.0,1.0,10.0,2.0,0.0,-910.83,0.0415,2.2688,,,,,,,,,,
209,0.1107,-5.189e-06,0.0,-1.1283,6.5e-06,10.0,750.0,4.0,-0.1125,1.0,847.0,0.00495,0.1188,,,,,,,
210,trd,1.0,1.0,1.0,10.0,2.0,0.0,-906.69,0.0461,2.7,,,,,,,,,,
211,0.0979,-3.35e-06,-636.2,-0.774,5e-06,10.0,750.0,4.0,-0.1125,0.0,,,,,,,,,,
212,crst,1.0,1.0,1.0,10.0,2.0,0.0,-905.99,0.0465,2.61,,,,,,,,,,
213,0.0979,-3.35e-06,-636.2,-0.774,8.1e-06,10.0,600.0,4.0,-0.09,0.0,,,,,,,,,,
214,coe,1.0,1.0,1.0,10.0,2.0,0.0,-905.47,0.0408,2.064,,,,,,,,,,
215,0.0965,-5.77e-07,-444.8,-0.7982,1.8e-05,10.0,1000.0,4.0,-0.15,0.0,,,,,,,,,,
216,stv,1.0,1.0,1.0,10.0,2.0,0.0,-875.63,0.0245,1.4014,,,,,,,,,,
217,0.0681,6.01e-06,-1978.2,-0.0821,2.5e-05,10.0,3160.0,4.0,-0.474,0.0,,,,,,,,,,
218,ne,1.0,8.0,1.0,3.0,1.0,1.0,1.0,10.0,4.0,0.0,-2095.08,0.1244,5.419,,,,,,
219,0.2727,-1.2398e-05,0.0,-2.7631,8.1e-05,10.0,600.0,4.0,-0.09,1.0,467.0,0.01,0.08,,,,,,,
220,kals,1.0,9.0,1.0,3.0,1.0,1.0,1.0,10.0,4.0,0.0,-2121.92,0.134,6.04,,,,,,
221,0.242,-4.482e-06,-895.8,-1.9358,5.76e-05,10.0,590.0,4.0,-0.0885,0.0,,,,,,,,,,
222,lc,1.0,9.0,1.0,3.0,1.0,1.0,2.0,10.0,6.0,0.0,-3029.16,0.2,8.828,,,,,,
223,0.3698,-1.6332e-05,684.7,-3.6831,3.67e-05,10.0,630.0,4.0,-0.0945,1.0,938.0,0.018,0.482,,,,,,,
224,me,4.0,7.0,4.0,3.0,6.0,1.0,6.0,10.0,27.0,12.0,1.0,0.0,-13843.57,0.752,33.985,,,,
225,1.359,3.6442e-05,-8594.7,-9.5982,3.16e-05,10.0,870.0,4.0,-0.1305,0.0,,,,,,,,,,
226,wrk,1.0,7.0,1.0,3.0,2.0,1.0,4.0,10.0,14.0,11.0,4.0,0.0,-6666.42,0.375,19.04,,,,
227,0.8383,-2.146e-05,-2272.0,-7.2923,2.38e-05,10.0,1000.0,4.0,-0.15,0.0,,,,,,,,,,
228,lmt,1.0,7.0,1.0,3.0,2.0,1.0,4.0,10.0,16.0,11.0,8.0,0.0,-7268.47,0.457,20.37,,,,
229,1.0134,-2.1413e-05,-2235.8,-8.8067,2.38e-05,10.0,1000.0,4.0,-0.15,0.0,,,,,,,,,,
230,heu,1.0,7.0,1.0,3.0,2.0,1.0,7.0,10.0,24.0,11.0,12.0,0.0,-10599.14,0.669,31.8,,,,
231,1.5048,-3.3224e-05,-2959.3,-13.2972,2.38e-05,10.0,1000.0,4.0,-0.15,0.0,,,,,,,,,,
232,stlb,1.0,7.0,1.0,3.0,2.0,1.0,7.0,10.0,25.0,11.0,14.0,0.0,-10898.83,0.71,32.87,,,,
233,1.5884,-3.2043e-05,-3071.6,-13.9669,2.38e-05,10.0,1000.0,4.0,-0.15,0.0,,,,,,,,,,
234,anl,1.0,8.0,1.0,3.0,1.0,1.0,2.0,10.0,7.0,11.0,2.0,0.0,-3309.9,0.232,9.74,,,,
235,0.6435,-1.6067e-05,9302.3,-9.1796,5e-05,10.0,400.0,4.0,-0.06,0.0,,,,,,,,,,
236,lime,1.0,7.0,1.0,10.0,1.0,0.0,-634.95,0.0381,1.6764,,,,,,,,,,
237,0.0524,3.673e-06,-750.7,-0.051,6.65e-05,10.0,1160.0,4.0,-0.174,0.0,,,,,,,,,,
238,ru,1.0,2.0,1.0,10.0,2.0,0.0,-944.18,0.0506,1.882,,,,,,,,,,
239,0.0904,2.9e-06,0.0,-0.6238,4.43e-05,10.0,2225.0,4.0,-0.33375,0.0,,,,,,,,,,
240,per,1.0,5.0,1.0,10.0,1.0,0.0,-601.6,0.0269,1.125,,,,,,,,,,
241,0.0605,3.62e-07,-535.8,-0.2992,6.2e-05,10.0,1650.0,4.0,-0.2475,0.0,,,,,,,,,,
242,mang,1.0,6.0,1.0,10.0,1.0,0.0,-385.15,0.0597,1.3221,,,,,,,,,,
243,0.0598,3.6e-06,-31.4,-0.2826,6.3e-05,10.0,1640.0,4.0,-0.246,0.0,,,,,,,,,,
244,cor,2.0,3.0,2.0,10.0,3.0,0.0,-1675.25,0.0509,2.558,,,,,,,,,,
245,0.1395,5.89e-06,-2460.6,-0.5892,4.19e-05,10.0,2520.0,4.0,-0.378,0.0,,,,,,,,,,
246,hem,2.0,4.0,2.0,10.0,3.0,0.0,-825.71,0.0874,3.0274,,,,,,,,,,
247,0.1639,0.0,-2257.2,-0.6576,5.99e-05,10.0,1996.0,4.0,-0.2994,1.0,955.0,0.0156,0.0,,,,,,,
248,NiO,1.0,15.0,1.0,10.0,1.0,0.0,-239.44,0.038,1.097,,,,,,,,,,
249,0.0477,7.824e-06,-392.5,0.0,6.2e-05,10.0,1650.0,4.0,-0.2475,1.0,520.0,0.0057,0.0,,,,,,,
250,pnt,1.0,6.0,1.0,2.0,1.0,10.0,3.0,0.0,-1359.24,0.1049,3.288,,,,,,,,
251,0.1419,3.373e-06,-1940.7,-0.4076,4.95e-05,10.0,1770.0,4.0,-0.2655,0.0,,,,,,,,,,
252,geik,1.0,5.0,1.0,2.0,1.0,10.0,3.0,0.0,-1567.49,0.0746,3.086,,,,,,,,
253,0.151,0.0,-1890.4,-0.6522,4.95e-05,10.0,1770.0,4.0,-0.2655,0.0,,,,,,,,,,
254,ilm,1.0,4.0,1.0,2.0,1.0,10.0,3.0,0.0,-1231.3,0.1089,3.169,,,,,,,,
255,0.1389,5.081e-06,-1288.8,-0.4637,4.95e-05,10.0,1770.0,4.0,-0.2655,1.0,1900.0,0.011,0.02,,,,,,,
256,bdy,1.0,16.0,1.0,10.0,2.0,0.0,-1101.03,0.0504,2.115,,,,,,,,,,
257,0.0907,0.0,-813.3,-0.4388,3.76e-05,10.0,2225.0,4.0,-0.33375,0.0,,,,,,,,,,
258,sp,1.0,5.0,1.0,3.0,2.0,10.0,4.0,0.0,-2300.72,0.0815,3.978,,,,,,,,
259,0.2427,-6.037e-06,-2315.1,-1.6781,4.31e-05,10.0,1945.0,4.0,-0.29175,0.0,,,,,,,,,,
260,herc,1.0,4.0,1.0,3.0,2.0,10.0,4.0,0.0,-1959.15,0.1075,4.075,,,,,,,,
261,0.2833,-5.376e-06,609.8,-2.7136,3.95e-05,10.0,2120.0,4.0,-0.318,0.0,,,,,,,,,,
262,mt,2.0,4.0,3.0,10.0,4.0,0.0,-1115.51,0.1461,4.452,,,,,,,,,,
263,0.2625,-7.204e-06,-1926.2,-1.6557,6.96e-05,10.0,1850.0,4.0,-0.2775,1.0,848.0,0.035,0.0,,,,,,,
264,mft,2.0,5.0,1.0,4.0,2.0,10.0,4.0,0.0,-1440.66,0.1265,4.457,,,,,,,,
265,0.2179,3.55e-07,-3108.0,-0.7459,6.96e-05,10.0,1850.0,4.0,-0.2775,1.0,665.0,0.0129,0.0,,,,,,,
266,usp,2.0,4.0,2.0,2.0,1.0,10.0,4.0,0.0,-1497.49,0.175,4.682,,,,,,,,
267,-0.1026,0.00014252,-9144.5,5.2707,6.9e-05,10.0,1850.0,4.0,-0.2775,0.0,,,,,,,,,,
268,br,1.0,5.0,1.0,10.0,2.0,11.0,2.0,0.0,-924.92,0.0645,2.463,,,,,,,,
269,0.1584,-4.076e-06,-1052.3,-1.1713,0.00013,10.0,485.0,4.0,-0.07275,0.0,,,,,,,,,,
270,dsp,1.0,3.0,1.0,10.0,2.0,11.0,1.0,0.0,-999.47,0.035,1.776,,,,,,,,
271,0.1451,8.709e-06,584.4,-1.7411,7.97e-05,10.0,2300.0,4.0,-0.345,0.0,,,,,,,,,,
272,gth,1.0,4.0,1.0,10.0,2.0,11.0,1.0,0.0,-561.65,0.0604,2.082,,,,,,,,
273,0.1393,1.47e-07,-212.7,-1.0778,7.97e-05,10.0,2300.0,4.0,-0.345,0.0,,,,,,,,,,
274,cc,1.0,7.0,1.0,12.0,1.0,10.0,3.0,0.0,-1207.47,0.0925,3.689,,,,,,,,
275,0.1409,5.029e-06,-950.7,-0.8584,4.4e-05,10.0,760.0,4.0,-0.114,1.0,1240.0,0.01,0.04,,,,,,,
276,arag,1.0,7.0,1.0,10.0,3.0,12.0,1.0,0.0,-1207.58,0.0895,3.415,,,,,,,,
277,0.1923,-3.052e-06,1149.7,-2.1183,0.000115,10.0,650.0,4.0,-0.0975,1.0,1240.0,0.009,0.04,,,,,,,
278,mag,1.0,5.0,1.0,10.0,3.0,12.0,1.0,0.0,-1111.36,0.0651,2.803,,,,,,,,
279,0.1864,-3.772e-06,0.0,-1.8862,6.48e-05,10.0,1460.0,4.0,-0.219,0.0,,,,,,,,,,
280,sid,1.0,4.0,1.0,12.0,1.0,10.0,3.0,0.0,-761.44,0.095,2.938,,,,,,,,
281,0.1684,0.0,0.0,-1.4836,0.00011,10.0,1200.0,4.0,-0.18,0.0,,,,,,,,,,
282,rhc,1.0,6.0,1.0,12.0,1.0,10.0,3.0,0.0,-891.09,0.098,3.107,,,,,,,,
283,0.1695,0.0,0.0,-1.5343,6.5e-05,10.0,800.0,4.0,-0.12,0.0,,,,,,,,,,
284,dol,1.0,7.0,1.0,5.0,1.0,10.0,6.0,12.0,2.0,0.0,-2324.43,0.156,6.434,,,,,,
285,0.3589,-4.905e-06,0.0,-3.4562,6.35e-05,10.0,900.0,4.0,-0.135,1.0,1373.0,0.013,0.015,,,,,,,
286,ank,1.0,7.0,1.0,4.0,1.0,10.0,6.0,12.0,2.0,0.0,-1971.27,0.187,6.606,,,,,,
287,0.341,-1.161e-06,0.0,-3.0548,6.35e-05,10.0,900.0,4.0,-0.135,1.0,1273.0,0.009,0.01,,,,,,,
288,syv,1.0,9.0,1.0,13.0,1.0,0.0,-436.5,0.0826,3.752,,,,,,,,,,
289,0.0462,1.797e-05,0.0,0.0,0.000247,10.0,170.0,4.0,-0.0255,0.0,,,,,,,,,,
290,hlt,1.0,8.0,1.0,13.0,1.0,0.0,-411.3,0.0721,2.702,,,,,,,,,,
291,0.0452,1.797e-05,0.0,0.0,0.000269,10.0,240.0,4.0,-0.036,0.0,,,,,,,,,,
292,iron,1.0,4.0,1.0,0.0,0.0,0.02732,0.7092,,,,,,,,,,,,
293,0.0462,5.158e-06,723.1,-0.5562,7.46e-05,10.0,1680.0,4.0,-0.252,1.0,1042.0,0.0083,0.0,,,,,,,
294,Ni,1.0,15.0,1.0,0.0,0.0,0.02987,0.6588,,,,,,,,,,,,
295,0.0498,0.0,585.9,-0.5339,8.86e-05,10.0,1870.0,4.0,-0.2805,1.0,631.0,0.003,0.0,,,,,,,
296,gph,1.0,12.0,1.0,0.0,0.0,0.00585,0.5298,,,,,,,,,,,,
297,0.051,-4.428e-06,488.6,-0.8055,4.84e-05,10.0,390.0,4.0,-0.0585,0.0,,,,,,,,,,
298,diam,1.0,12.0,1.0,0.0,2.07,0.0023,0.3417,,,,,,,,,,,,
299,0.0243,6.272e-06,-377.4,-0.2734,1.65e-05,10.0,5800.0,4.0,-0.87,0.0,,,,,,,,,,
300,H2O,1.0,11.0,2.0,10.0,1.0,0.0,-241.81,0.1888,0.0,,,,,,,,,,
301,0.0401,8.656e-06,487.5,-0.2512,0.0,0.0,0.0,0.0,0.0,0.0,,,,,,,,,,
302,CO2,1.0,12.0,1.0,10.0,2.0,0.0,-393.51,0.2137,0.0,,,,,,,,,,
303,0.0878,-2.644e-06,706.4,-0.9989,0.0,0.0,0.0,0.0,0.0,0.0,,,,,,,,,,
304,CO,1.0,12.0,1.0,10.0,1.0,0.0,-110.53,0.19767,0.0,,,,,,,,,,
305,0.0457,-9.7e-08,662.7,-0.4147,0.0,0.0,0.0,0.0,0.0,0.0,,,,,,,,,,
306,CH4,1.0,12.0,1.0,11.0,4.0,0.0,-74.81,0.18626,0.0,,,,,,,,,,
307,0.1501,2.062e-06,3427.7,-2.6504,0.0,0.0,0.0,0.0,0.0,0.0,,,,,,,,,,
308,O2,1.0,10.0,2.0,0.0,0.0,0.2052,0.0,,,,,,,,,,,,
309,0.0483,-6.91e-07,499.2,-0.4207,0.0,0.0,0.0,0.0,0.0,0.0,,,,,,,,,,
310,H2,1.0,11.0,2.0,0.0,0.0,0.1307,0.0,,,,,,,,,,,,
311,0.0233,4.627e-06,0.0,0.0763,0.0,0.0,0.0,0.0,0.0,0.0,,,,,,,,,,
312,syvL,1.0,9.0,1.0,13.0,1.0,0.0,-416.49,0.0953,3.857,,,,,,,,,,
313,0.0669,0.0,0.0,0.0,0.0005,10.0,59.0,4.0,-0.00885,0.0,,,,,,,,,,
314,hltL,1.0,8.0,1.0,13.0,1.0,0.0,-393.42,0.0797,2.965,,,,,,,,,,
315,0.072,-3.223e-06,0.0,0.0,0.0005,10.0,66.0,4.0,-0.0099,0.0,,,,,,,,,,
316,foL,2.0,5.0,2.0,1.0,1.0,10.0,4.0,0.0,-2225.16,-0.055,4.243,,,,,,,,
317,0.2679,0.0,0.0,0.0,0.000145,10.0,730.0,4.0,-0.1095,0.0,,,,,,,,,,
318,faL,2.0,4.0,2.0,1.0,1.0,10.0,4.0,0.0,-1459.21,0.1025,4.695,,,,,,,,
319,0.2397,0.0,0.0,0.0,0.000169,10.0,410.0,4.0,-0.0615,0.0,,,,,,,,,,
320,silL,1.0,3.0,2.0,1.0,1.0,10.0,5.0,0.0,-2583.1,0.039,6.419,,,,,,,,
321,0.2376,0.0,0.0,0.0,1e-05,10.0,300.0,4.0,-0.045,0.0,,,,,,,,,,
322,anL,1.0,7.0,1.0,3.0,2.0,1.0,2.0,10.0,8.0,0.0,-4257.75,0.052,10.206,,,,,,
323,0.4175,0.0,0.0,0.0,4.9e-05,10.0,200.0,4.0,-0.03,0.0,,,,,,,,,,
324,h2oL,1.0,11.0,2.0,10.0,1.0,0.0,-295.71,0.0455,1.414,,,,,,,,,,
325,0.08,0.0,0.0,0.0,0.001079,10.0,40.0,4.0,-0.006,0.0,,,,,,,,,,
326,enL,1.0,5.0,2.0,1.0,2.0,10.0,6.0,0.0,-3091.76,-0.002,6.9,,,,,,,,
327,0.3549,0.0,0.0,0.0,0.000129,10.0,260.0,4.0,-0.039,0.0,,,,,,,,,,
328,kspL,1.0,9.0,1.0,3.0,1.0,1.0,3.0,10.0,8.0,0.0,-3992.67,0.1295,11.468,,,,,,
329,0.3673,0.0,0.0,0.0,6e-05,10.0,260.0,4.0,-0.039,0.0,,,,,,,,,,
330,qL,1.0,1.0,1.0,10.0,2.0,0.0,-920.85,0.0165,2.64,,,,,,,,,,
331,0.0825,0.0,0.0,0.0,-5e-06,10.0,470.0,4.0,-0.0705,0.0,,,,,,,,,,
332,diL,1.0,7.0,1.0,5.0,1.0,1.0,2.0,10.0,6.0,0.0,-3208.18,0.0238,7.34,,,,,,
333,0.3453,0.0,0.0,0.0,0.000129,10.0,300.0,4.0,-0.045,0.0,,,,,,,,,,
334,abL,1.0,8.0,1.0,3.0,1.0,1.0,3.0,10.0,8.0,0.0,-3934.37,0.145,10.71,,,,,,
335,0.3585,0.0,0.0,0.0,4.5e-05,10.0,390.0,4.0,-0.0585,0.0,,,,,,,,,,
336,H+,1.0,11.0,1.0,14.0,-1.0,0.0,0.0,0.0,0.0,,,,,,,,,,
337,0,0.0,0.0,0.0,0.0,0.0,0.0,0.0,0.0,-1.0,0.0,,,,,,,,,
338,Cl-,1.0,13.0,1.0,14.0,1.0,0.0,-167.08,0.05673,1.779,,,,,,,,,,
339,0,0.0,0.0,0.0,0.0,0.0,0.0,0.0,0.0,-1.0,-0.1414,,,,,,,,,
340,OH-,1.0,10.0,1.0,11.0,1.0,14.0,1.0,0.0,-230.02,-0.01071,-0.418,,,,,,,,
341,0,0.0,0.0,0.0,0.0,0.0,0.0,0.0,0.0,-1.0,-0.1372,,,,,,,,,
342,Na+,1.0,8.0,1.0,14.0,-1.0,0.0,-240.3,0.0584,-0.111,,,,,,,,,,
343,0,0.0001913,0.0,0.0,0.0,0.0,0.0,0.0,0.0,-1.0,0.0306,,,,,,,,,
344,K+,1.0,9.0,1.0,14.0,-1.0,0.0,-252.17,0.10104,0.906,,,,,,,,,,
345,0,7.27e-05,0.0,0.0,0.0,0.0,0.0,0.0,0.0,-1.0,0.0072,,,,,,,,,
346,Ca++,1.0,7.0,1.0,14.0,-2.0,0.0,-543.3,-0.0565,-1.806,,,,,,,,,,
347,0,-6.9e-05,0.0,0.0,0.0,0.0,0.0,0.0,0.0,-1.0,-0.0463,,,,,,,,,
348,Mg++,1.0,5.0,1.0,14.0,-2.0,0.0,-465.96,-0.1381,-2.155,,,,,,,,,,
349,0,-4.62e-05,0.0,0.0,0.0,0.0,0.0,0.0,0.0,-1.0,-0.0265,,,,,,,,,
350,Fe++,1.0,4.0,1.0,14.0,-2.0,0.0,-90.42,-0.10711,-2.22,,,,,,,,,,
351,0,0.0,0.0,0.0,0.0,0.0,0.0,0.0,0.0,-1.0,-0.0339,,,,,,,,,
352,Al+++,1.0,3.0,1.0,14.0,-3.0,0.0,-527.23,-0.3163,-4.44,,,,,,,,,,
353,0,0.0,0.0,0.0,0.0,0.0,0.0,0.0,0.0,-1.0,-0.1427,,,,,,,,,
354,CO3--,1.0,12.0,1.0,10.0,3.0,14.0,2.0,0.0,-675.23,-0.05,-0.502,,,,,,,,
355,0,0.0,0.0,0.0,0.0,0.0,0.0,0.0,0.0,-1.0,-0.2908,,,,,,,,,
356,AlOH3,1.0,3.0,1.0,10.0,3.0,11.0,3.0,0.0,-1251.85,0.0536,0.0,,,,,,,,
357,0,0.0,0.0,0.0,0.0,0.0,0.0,0.0,0.0,-1.0,0.1015,,,,,,,,,
358,AlOH4-,1.0,3.0,1.0,10.0,4.0,11.0,4.0,14.0,1.0,0.0,-1495.78,0.1269,0.0,,,,,,
359,0,0.0,0.0,0.0,0.0,0.0,0.0,0.0,0.0,-1.0,0.0965,,,,,,,,,
360,KOH,1.0,9.0,1.0,10.0,1.0,11.0,1.0,0.0,-473.62,0.10962,-0.8,,,,,,,,
361,0,9.45e-05,0.0,0.0,0.0,0.0,0.0,0.0,0.0,-1.0,-0.0293,,,,,,,,,
362,HCl,1.0,11.0,1.0,13.0,1.0,0.0,-162.13,0.05673,1.779,,,,,,,,,,
363,0,9.03e-05,0.0,0.0,0.0,0.0,0.0,0.0,0.0,-1.0,0.054,,,,,,,,,
364,KCl,1.0,9.0,1.0,13.0,1.0,0.0,-400.03,0.18481,4.409,,,,,,,,,,
365,0,5.43e-05,0.0,0.0,0.0,0.0,0.0,0.0,0.0,-1.0,-0.038,,,,,,,,,
366,NaCl,1.0,8.0,1.0,13.0,1.0,0.0,-399.88,0.12609,2.226,,,,,,,,,,
367,0,0.0001913,0.0,0.0,0.0,0.0,0.0,0.0,0.0,-1.0,-0.002,,,,,,,,,
